-- VERSUS Game Database
-- Generated: 2026-01-21T15:45:38.248Z

CREATE TABLE IF NOT EXISTS picks (
  id TEXT PRIMARY KEY,
  name TEXT NOT NULL,
  image TEXT
);

CREATE TABLE IF NOT EXISTS facts (
  id TEXT PRIMARY KEY,
  description TEXT NOT NULL,
  category TEXT NOT NULL,
  image TEXT
);

CREATE TABLE IF NOT EXISTS pick_facts (
  pick_id TEXT NOT NULL,
  fact_id TEXT NOT NULL,
  PRIMARY KEY (pick_id, fact_id),
  FOREIGN KEY (pick_id) REFERENCES picks(id),
  FOREIGN KEY (fact_id) REFERENCES facts(id)
);

INSERT INTO facts (id, description, category, image) VALUES ('chi_ha_piu_partecipazioni_a_reality_show_reality', 'CHI HA PIU'' PARTECIPAZIONI A REALITY SHOW', 'REALITY', NULL);
INSERT INTO facts (id, description, category, image) VALUES ('chi_ha_piu_espulsioni_dall_albo_cultura', 'CHI HA PIU'' ESPULSIONI DALL''ALBO', 'CULTURA', NULL);
INSERT INTO facts (id, description, category, image) VALUES ('chi_ha_piu_scene_spinte_nei_film_trash', 'CHI HA PIU'' SCENE SPINTE NEI FILM', 'TRASH', NULL);
INSERT INTO facts (id, description, category, image) VALUES ('chi_ha_dato_piu_cazzotti_nei_film_violenza', 'CHI HA DATO PIU'' CAZZOTTI NEI FILM', 'VIOLENZA', NULL);
INSERT INTO facts (id, description, category, image) VALUES ('chi_ha_girato_piu_film_cinema', 'CHI HA GIRATO PIU'' FILM', 'CINEMA', NULL);
INSERT INTO facts (id, description, category, image) VALUES ('chi_ha_piu_partecipazioni_a_sanremo_festival', 'CHI HA PIU'' PARTECIPAZIONI A SANREMO', 'FESTIVAL', NULL);
INSERT INTO facts (id, description, category, image) VALUES ('chi_ha_piu_anni_di_carriera_longevit', 'CHI HA PIU'' ANNI DI CARRIERA', 'LONGEVITÀ', NULL);
INSERT INTO facts (id, description, category, image) VALUES ('chi_ha_fatto_piu_mesi_in_galera_o_ai_domiciliari_galera', 'CHI HA FATTO PIU'' MESI IN GALERA O AI DOMICILIARI', 'GALERA', NULL);
INSERT INTO facts (id, description, category, image) VALUES ('chi_ha_piu_scandali_documentati_scandali', 'CHI HA PIU'' SCANDALI DOCUMENTATI', 'SCANDALI', NULL);
INSERT INTO facts (id, description, category, image) VALUES ('chi_ha_abbandonato_piu_reality_show_ritiri', 'CHI HA ABBANDONATO PIU'' REALITY SHOW', 'RITIRI', NULL);
INSERT INTO facts (id, description, category, image) VALUES ('chi_ha_fatto_piu_interviste_sugli_alieni_trash', 'CHI HA FATTO PIU'' INTERVISTE SUGLI ALIENI', 'TRASH', NULL);
INSERT INTO facts (id, description, category, image) VALUES ('chi_ha_detto_piu_bestemmie_in_diretta_tv_parolacce', 'CHI HA DETTO PIU'' BESTEMMIE IN DIRETTA TV', 'PAROLACCE', NULL);
INSERT INTO facts (id, description, category, image) VALUES ('chi_ha_piu_milioni_di_views_su_youtube_viralit', 'CHI HA PIU'' MILIONI DI VIEWS SU YOUTUBE', 'VIRALITÀ', NULL);
INSERT INTO facts (id, description, category, image) VALUES ('chi_ha_piegato_piu_cucchiaini_in_tv_magia', 'CHI HA PIEGATO PIU'' CUCCHIAINI IN TV', 'MAGIA', NULL);
INSERT INTO facts (id, description, category, image) VALUES ('chi_ha_detto_piu_volte_stellare_tormentoni', 'CHI HA DETTO PIU'' VOLTE ''STELLARE''', 'TORMENTONI', NULL);
INSERT INTO facts (id, description, category, image) VALUES ('chi_ha_scontato_piu_anni_in_galera_galera', 'CHI HA SCONTATO PIU'' ANNI IN GALERA', 'GALERA', NULL);
INSERT INTO facts (id, description, category, image) VALUES ('chi_ha_piu_truffe_accertate_scandali', 'CHI HA PIU'' TRUFFE ACCERTATE', 'SCANDALI', NULL);
INSERT INTO facts (id, description, category, image) VALUES ('chi_ha_detto_piu_volte_porca_puttena_tormentoni', 'CHI HA DETTO PIU'' VOLTE ''PORCA PUTTENA''', 'TORMENTONI', NULL);
INSERT INTO facts (id, description, category, image) VALUES ('chi_ha_dato_piu_insulti_in_tv_trash_talk', 'CHI HA DATO PIU'' INSULTI IN TV', 'TRASH TALK', NULL);
INSERT INTO facts (id, description, category, image) VALUES ('chi_ha_avuto_piu_litigi_televisivi_scandali', 'CHI HA AVUTO PIU'' LITIGI TELEVISIVI', 'SCANDALI', NULL);
INSERT INTO facts (id, description, category, image) VALUES ('chi_ha_inventato_piu_matrimoni_scandali', 'CHI HA INVENTATO PIU'' MATRIMONI', 'SCANDALI', NULL);
INSERT INTO facts (id, description, category, image) VALUES ('chi_ha_piu_stagioni_trasmesse_tv', 'CHI HA PIU'' STAGIONI TRASMESSE', 'TV', NULL);
INSERT INTO facts (id, description, category, image) VALUES ('chi_ha_piu_puntate_totali_tv', 'CHI HA PIU'' PUNTATE TOTALI', 'TV', NULL);
INSERT INTO facts (id, description, category, image) VALUES ('chi_ha_arrestato_piu_criminali_violenza', 'CHI HA ARRESTATO PIU'' CRIMINALI', 'VIOLENZA', NULL);
INSERT INTO facts (id, description, category, image) VALUES ('chi_ha_piu_film_della_saga_cinema', 'CHI HA PIU'' FILM DELLA SAGA', 'CINEMA', NULL);
INSERT INTO facts (id, description, category, image) VALUES ('chi_ha_pubblicato_piu_canzoni_trash_musica', 'CHI HA PUBBLICATO PIU'' CANZONI TRASH', 'MUSICA', NULL);
INSERT INTO facts (id, description, category, image) VALUES ('chi_ha_piu_anni_in_tv_longevit', 'CHI HA PIU'' ANNI IN TV', 'LONGEVITÀ', NULL);
INSERT INTO facts (id, description, category, image) VALUES ('chi_ha_avuto_piu_litigi_in_diretta_trash_talk', 'CHI HA AVUTO PIU'' LITIGI IN DIRETTA', 'TRASH TALK', NULL);
INSERT INTO facts (id, description, category, image) VALUES ('chi_ha_gestito_piu_vip_nella_carriera_lavoro', 'CHI HA GESTITO PIU'' VIP NELLA CARRIERA', 'LAVORO', NULL);
INSERT INTO facts (id, description, category, image) VALUES ('chi_ha_fatto_piu_puntate_di_striscia_la_notizia_tv', 'CHI HA FATTO PIU'' PUNTATE DI STRISCIA LA NOTIZIA', 'TV', NULL);
INSERT INTO facts (id, description, category, image) VALUES ('chi_ha_fatto_piu_previsioni_sbagliate_epic_fail', 'CHI HA FATTO PIU'' PREVISIONI SBAGLIATE', 'EPIC FAIL', NULL);
INSERT INTO facts (id, description, category, image) VALUES ('chi_ha_girato_piu_film_comici_cinema', 'CHI HA GIRATO PIU'' FILM COMICI', 'CINEMA', NULL);
INSERT INTO facts (id, description, category, image) VALUES ('chi_ha_avuto_piu_figli_famiglia', 'CHI HA AVUTO PIU'' FIGLI', 'FAMIGLIA', NULL);
INSERT INTO facts (id, description, category, image) VALUES ('chi_ha_piu_anni_nell_industria_musicale_longevit', 'CHI HA PIU'' ANNI NELL''INDUSTRIA MUSICALE', 'LONGEVITÀ', NULL);
INSERT INTO facts (id, description, category, image) VALUES ('chi_ha_detto_piu_volte_madonna_tormentoni', 'CHI HA DETTO PIU'' VOLTE ''MADONNA''', 'TORMENTONI', NULL);
INSERT INTO facts (id, description, category, image) VALUES ('chi_ha_condotto_piu_programmi_tv_tv', 'CHI HA CONDOTTO PIU'' PROGRAMMI TV', 'TV', NULL);
INSERT INTO facts (id, description, category, image) VALUES ('chi_ha_avuto_piu_litigi_con_ospiti_trash_talk', 'CHI HA AVUTO PIU'' LITIGI CON OSPITI', 'TRASH TALK', NULL);
INSERT INTO facts (id, description, category, image) VALUES ('chi_ha_ammesso_piu_ritocchini_estetici_chirurgia', 'CHI HA AMMESSO PIU'' RITOCCHINI ESTETICI', 'CHIRURGIA', NULL);
INSERT INTO facts (id, description, category, image) VALUES ('chi_ha_piu_anni_a_uomini_e_donne_tv', 'CHI HA PIU'' ANNI A UOMINI E DONNE', 'TV', NULL);
INSERT INTO facts (id, description, category, image) VALUES ('chi_ha_avuto_piu_litigi_in_studio_trash_talk', 'CHI HA AVUTO PIU'' LITIGI IN STUDIO', 'TRASH TALK', NULL);
INSERT INTO facts (id, description, category, image) VALUES ('chi_ha_piu_anni_di_carriera_in_tv_longevit', 'CHI HA PIU'' ANNI DI CARRIERA IN TV', 'LONGEVITÀ', NULL);
INSERT INTO facts (id, description, category, image) VALUES ('chi_ha_urlato_piu_volte_guenda_tormentoni', 'CHI HA URLATO PIU'' VOLTE ''GUENDA''', 'TORMENTONI', NULL);
INSERT INTO facts (id, description, category, image) VALUES ('chi_ha_vinto_piu_reality_show_reality', 'CHI HA VINTO PIU'' REALITY SHOW', 'REALITY', NULL);
INSERT INTO facts (id, description, category, image) VALUES ('chi_ha_piu_follower_instagram_milioni_social', 'CHI HA PIU'' FOLLOWER INSTAGRAM (MILIONI)', 'SOCIAL', NULL);
INSERT INTO facts (id, description, category, image) VALUES ('chi_ha_avuto_piu_litigi_al_gf_vip_trash_talk', 'CHI HA AVUTO PIU'' LITIGI AL GF VIP', 'TRASH TALK', NULL);
INSERT INTO facts (id, description, category, image) VALUES ('chi_ha_fatto_piu_ritocchini_al_seno_chirurgia', 'CHI HA FATTO PIU'' RITOCCHINI AL SENO', 'CHIRURGIA', NULL);
INSERT INTO facts (id, description, category, image) VALUES ('chi_ha_avuto_piu_triangoli_amorosi_in_tv_scandali', 'CHI HA AVUTO PIU'' TRIANGOLI AMOROSI IN TV', 'SCANDALI', NULL);
INSERT INTO facts (id, description, category, image) VALUES ('chi_ha_detto_piu_volte_chimica_artistica_tormentoni', 'CHI HA DETTO PIU'' VOLTE ''CHIMICA ARTISTICA''', 'TORMENTONI', NULL);
INSERT INTO facts (id, description, category, image) VALUES ('chi_ha_scritto_piu_canzoni_per_altri_musica', 'CHI HA SCRITTO PIU'' CANZONI PER ALTRI', 'MUSICA', NULL);
INSERT INTO facts (id, description, category, image) VALUES ('chi_ha_indossato_piu_parrucche_in_tv_look', 'CHI HA INDOSSATO PIU'' PARRUCCHE IN TV', 'LOOK', NULL);
INSERT INTO facts (id, description, category, image) VALUES ('chi_ha_pubblicato_piu_tweet_controversi_social', 'CHI HA PUBBLICATO PIU'' TWEET CONTROVERSI', 'SOCIAL', NULL);
INSERT INTO facts (id, description, category, image) VALUES ('chi_ha_prodotto_piu_remix_lento_violento_musica', 'CHI HA PRODOTTO PIU'' REMIX LENTO VIOLENTO', 'MUSICA', NULL);
INSERT INTO facts (id, description, category, image) VALUES ('chi_ha_fatto_piu_serate_in_discoteca_lavoro', 'CHI HA FATTO PIU'' SERATE IN DISCOTECA', 'LAVORO', NULL);
INSERT INTO facts (id, description, category, image) VALUES ('chi_ha_piu_tormentoni_estivi_musica', 'CHI HA PIU'' TORMENTONI ESTIVI', 'MUSICA', NULL);
INSERT INTO facts (id, description, category, image) VALUES ('chi_ha_piu_settimane_in_classifica_successo', 'CHI HA PIU'' SETTIMANE IN CLASSIFICA', 'SUCCESSO', NULL);
INSERT INTO facts (id, description, category, image) VALUES ('chi_ha_pubblicato_piu_album_musica', 'CHI HA PUBBLICATO PIU'' ALBUM', 'MUSICA', NULL);
INSERT INTO facts (id, description, category, image) VALUES ('chi_ha_piu_anni_di_carriera_rai_longevit', 'CHI HA PIU'' ANNI DI CARRIERA RAI', 'LONGEVITÀ', NULL);
INSERT INTO facts (id, description, category, image) VALUES ('chi_ha_raccontato_piu_olimpiadi_sport', 'CHI HA RACCONTATO PIU'' OLIMPIADI', 'SPORT', NULL);
INSERT INTO facts (id, description, category, image) VALUES ('chi_ha_condotto_piu_quiz_show_tv', 'CHI HA CONDOTTO PIU'' QUIZ SHOW', 'TV', NULL);
INSERT INTO facts (id, description, category, image) VALUES ('chi_e_famosa_in_piu_paesi_successo', 'CHI E'' FAMOSA IN PIU'' PAESI', 'SUCCESSO', NULL);
INSERT INTO facts (id, description, category, image) VALUES ('chi_ha_piu_anni_in_tv_italiana_longevit', 'CHI HA PIU'' ANNI IN TV ITALIANA', 'LONGEVITÀ', NULL);
INSERT INTO facts (id, description, category, image) VALUES ('chi_ha_avuto_piu_litigi_pubblici_con_lorella_cuccarini_scandali', 'CHI HA AVUTO PIU'' LITIGI PUBBLICI CON LORELLA CUCCARINI', 'SCANDALI', NULL);
INSERT INTO facts (id, description, category, image) VALUES ('chi_ha_girato_piu_film_d_azione_cinema', 'CHI HA GIRATO PIU'' FILM D''AZIONE', 'CINEMA', NULL);
INSERT INTO facts (id, description, category, image) VALUES ('chi_ha_piu_meme_su_internet_viralit', 'CHI HA PIU'' MEME SU INTERNET', 'VIRALITÀ', NULL);
INSERT INTO facts (id, description, category, image) VALUES ('chi_ha_piu_film_direct_to_dvd_epic_fail', 'CHI HA PIU'' FILM DIRECT-TO-DVD', 'EPIC FAIL', NULL);
INSERT INTO facts (id, description, category, image) VALUES ('chi_ha_vinto_piu_oscar_premi', 'CHI HA VINTO PIU'' OSCAR', 'PREMI', NULL);
INSERT INTO facts (id, description, category, image) VALUES ('chi_ha_piu_stagioni_di_baywatch_tv', 'CHI HA PIU'' STAGIONI DI BAYWATCH', 'TV', NULL);
INSERT INTO facts (id, description, category, image) VALUES ('chi_ha_piu_album_musicali_flop_epic_fail', 'CHI HA PIU'' ALBUM MUSICALI FLOP', 'EPIC FAIL', NULL);
INSERT INTO facts (id, description, category, image) VALUES ('chi_ha_fatto_piu_spacchi_nei_film_violenza', 'CHI HA FATTO PIU'' SPACCHI NEI FILM', 'VIOLENZA', NULL);
INSERT INTO facts (id, description, category, image) VALUES ('chi_ha_indossato_piu_collane_d_oro_look', 'CHI HA INDOSSATO PIU'' COLLANE D''ORO', 'LOOK', NULL);
INSERT INTO facts (id, description, category, image) VALUES ('chi_ha_detto_piu_volte_i_pity_the_fool_tormentoni', 'CHI HA DETTO PIU'' VOLTE ''I PITY THE FOOL''', 'TORMENTONI', NULL);
INSERT INTO facts (id, description, category, image) VALUES ('chi_ha_piu_anni_a_drive_in_tv', 'CHI HA PIU'' ANNI A DRIVE IN', 'TV', NULL);
INSERT INTO facts (id, description, category, image) VALUES ('chi_ha_detto_piu_volte_ciao_cari_amici_tormentoni', 'CHI HA DETTO PIU'' VOLTE ''CIAO CARI AMICI''', 'TORMENTONI', NULL);
INSERT INTO facts (id, description, category, image) VALUES ('chi_ha_piu_citazioni_colte_nei_testi_cultura', 'CHI HA PIU'' CITAZIONI COLTE NEI TESTI', 'CULTURA', NULL);

INSERT INTO picks (id, name, image) VALUES ('1', 'Gegia', NULL);
INSERT INTO picks (id, name, image) VALUES ('2', 'Bud Spencer', NULL);
INSERT INTO picks (id, name, image) VALUES ('3', 'Iva Zanicchi', NULL);
INSERT INTO picks (id, name, image) VALUES ('4', 'Fabrizio Corona', NULL);
INSERT INTO picks (id, name, image) VALUES ('5', 'Flavia Vento', NULL);
INSERT INTO picks (id, name, image) VALUES ('6', 'Germano Mosconi', NULL);
INSERT INTO picks (id, name, image) VALUES ('7', 'Giucas Casella', NULL);
INSERT INTO picks (id, name, image) VALUES ('8', 'Valeria Marini', NULL);
INSERT INTO picks (id, name, image) VALUES ('9', 'Wanna Marchi', NULL);
INSERT INTO picks (id, name, image) VALUES ('10', 'Lino Banfi', NULL);
INSERT INTO picks (id, name, image) VALUES ('11', 'Vittorio Sgarbi', NULL);
INSERT INTO picks (id, name, image) VALUES ('12', 'Pamela Prati', NULL);
INSERT INTO picks (id, name, image) VALUES ('13', 'I Ragazzi della 3C', NULL);
INSERT INTO picks (id, name, image) VALUES ('14', 'Robocop', NULL);
INSERT INTO picks (id, name, image) VALUES ('15', 'Santi Licheri', NULL);
INSERT INTO picks (id, name, image) VALUES ('16', 'Platinette', NULL);
INSERT INTO picks (id, name, image) VALUES ('17', 'Lele Mora', NULL);
INSERT INTO picks (id, name, image) VALUES ('18', 'Ezio Greggio', NULL);
INSERT INTO picks (id, name, image) VALUES ('19', 'Il Mago Otelma', NULL);
INSERT INTO picks (id, name, image) VALUES ('20', 'Alvaro Vitali', NULL);
INSERT INTO picks (id, name, image) VALUES ('21', 'Gigi D''Alessio', NULL);
INSERT INTO picks (id, name, image) VALUES ('22', 'Mara Maionchi', NULL);
INSERT INTO picks (id, name, image) VALUES ('23', 'Teo Mammucari', NULL);
INSERT INTO picks (id, name, image) VALUES ('24', 'Paolo Bonolis', NULL);
INSERT INTO picks (id, name, image) VALUES ('25', 'Antonella Mosetti', NULL);
INSERT INTO picks (id, name, image) VALUES ('26', 'Karina Cascella', NULL);
INSERT INTO picks (id, name, image) VALUES ('27', 'Maria Teresa Ruta', NULL);
INSERT INTO picks (id, name, image) VALUES ('28', 'Tommaso Zorzi', NULL);
INSERT INTO picks (id, name, image) VALUES ('29', 'Soleil Sorge', NULL);
INSERT INTO picks (id, name, image) VALUES ('30', 'Francesca Cipriani', NULL);
INSERT INTO picks (id, name, image) VALUES ('31', 'Alex Belli', NULL);
INSERT INTO picks (id, name, image) VALUES ('32', 'Cristiano Malgioglio', NULL);
INSERT INTO picks (id, name, image) VALUES ('33', 'Rita Pavone', NULL);
INSERT INTO picks (id, name, image) VALUES ('34', 'DJ Francesco', NULL);
INSERT INTO picks (id, name, image) VALUES ('35', 'Dan Harrow', NULL);
INSERT INTO picks (id, name, image) VALUES ('36', 'Elio e le Storie Tese', NULL);
INSERT INTO picks (id, name, image) VALUES ('37', 'Giampiero Galeazzi', NULL);
INSERT INTO picks (id, name, image) VALUES ('38', 'Mike Bongiorno', NULL);
INSERT INTO picks (id, name, image) VALUES ('39', 'Raffaella Carrà', NULL);
INSERT INTO picks (id, name, image) VALUES ('40', 'Heather Parisi', NULL);
INSERT INTO picks (id, name, image) VALUES ('41', 'Lorella Cuccarini', NULL);
INSERT INTO picks (id, name, image) VALUES ('42', 'Chuck Norris', NULL);
INSERT INTO picks (id, name, image) VALUES ('43', 'Steven Seagal', NULL);
INSERT INTO picks (id, name, image) VALUES ('44', 'Nicolas Cage', NULL);
INSERT INTO picks (id, name, image) VALUES ('45', 'David Hasselhoff', NULL);
INSERT INTO picks (id, name, image) VALUES ('46', 'Jean-Claude Van Damme', NULL);
INSERT INTO picks (id, name, image) VALUES ('47', 'Mr. T', NULL);
INSERT INTO picks (id, name, image) VALUES ('48', 'Bruno Sacchi', NULL);
INSERT INTO picks (id, name, image) VALUES ('49', 'Caparezza', NULL);
INSERT INTO picks (id, name, image) VALUES ('50', 'Gianni Morandi', NULL);

INSERT INTO pick_facts (pick_id, fact_id) VALUES ('1', 'chi_ha_piu_partecipazioni_a_reality_show_reality');
INSERT INTO pick_facts (pick_id, fact_id) VALUES ('1', 'chi_ha_piu_espulsioni_dall_albo_cultura');
INSERT INTO pick_facts (pick_id, fact_id) VALUES ('1', 'chi_ha_piu_scene_spinte_nei_film_trash');
INSERT INTO pick_facts (pick_id, fact_id) VALUES ('2', 'chi_ha_dato_piu_cazzotti_nei_film_violenza');
INSERT INTO pick_facts (pick_id, fact_id) VALUES ('2', 'chi_ha_girato_piu_film_cinema');
INSERT INTO pick_facts (pick_id, fact_id) VALUES ('3', 'chi_ha_piu_partecipazioni_a_sanremo_festival');
INSERT INTO pick_facts (pick_id, fact_id) VALUES ('3', 'chi_ha_piu_anni_di_carriera_longevit');
INSERT INTO pick_facts (pick_id, fact_id) VALUES ('4', 'chi_ha_fatto_piu_mesi_in_galera_o_ai_domiciliari_galera');
INSERT INTO pick_facts (pick_id, fact_id) VALUES ('4', 'chi_ha_piu_scandali_documentati_scandali');
INSERT INTO pick_facts (pick_id, fact_id) VALUES ('5', 'chi_ha_abbandonato_piu_reality_show_ritiri');
INSERT INTO pick_facts (pick_id, fact_id) VALUES ('5', 'chi_ha_fatto_piu_interviste_sugli_alieni_trash');
INSERT INTO pick_facts (pick_id, fact_id) VALUES ('6', 'chi_ha_detto_piu_bestemmie_in_diretta_tv_parolacce');
INSERT INTO pick_facts (pick_id, fact_id) VALUES ('6', 'chi_ha_piu_milioni_di_views_su_youtube_viralit');
INSERT INTO pick_facts (pick_id, fact_id) VALUES ('7', 'chi_ha_piegato_piu_cucchiaini_in_tv_magia');
INSERT INTO pick_facts (pick_id, fact_id) VALUES ('7', 'chi_ha_piu_partecipazioni_a_reality_show_reality');
INSERT INTO pick_facts (pick_id, fact_id) VALUES ('8', 'chi_ha_detto_piu_volte_stellare_tormentoni');
INSERT INTO pick_facts (pick_id, fact_id) VALUES ('8', 'chi_ha_piu_partecipazioni_a_reality_show_reality');
INSERT INTO pick_facts (pick_id, fact_id) VALUES ('9', 'chi_ha_scontato_piu_anni_in_galera_galera');
INSERT INTO pick_facts (pick_id, fact_id) VALUES ('9', 'chi_ha_piu_truffe_accertate_scandali');
INSERT INTO pick_facts (pick_id, fact_id) VALUES ('10', 'chi_ha_girato_piu_film_cinema');
INSERT INTO pick_facts (pick_id, fact_id) VALUES ('10', 'chi_ha_detto_piu_volte_porca_puttena_tormentoni');
INSERT INTO pick_facts (pick_id, fact_id) VALUES ('11', 'chi_ha_dato_piu_insulti_in_tv_trash_talk');
INSERT INTO pick_facts (pick_id, fact_id) VALUES ('11', 'chi_ha_avuto_piu_litigi_televisivi_scandali');
INSERT INTO pick_facts (pick_id, fact_id) VALUES ('12', 'chi_ha_inventato_piu_matrimoni_scandali');
INSERT INTO pick_facts (pick_id, fact_id) VALUES ('12', 'chi_ha_piu_anni_di_carriera_longevit');
INSERT INTO pick_facts (pick_id, fact_id) VALUES ('13', 'chi_ha_piu_stagioni_trasmesse_tv');
INSERT INTO pick_facts (pick_id, fact_id) VALUES ('13', 'chi_ha_piu_puntate_totali_tv');
INSERT INTO pick_facts (pick_id, fact_id) VALUES ('14', 'chi_ha_arrestato_piu_criminali_violenza');
INSERT INTO pick_facts (pick_id, fact_id) VALUES ('14', 'chi_ha_piu_film_della_saga_cinema');
INSERT INTO pick_facts (pick_id, fact_id) VALUES ('15', 'chi_ha_pubblicato_piu_canzoni_trash_musica');
INSERT INTO pick_facts (pick_id, fact_id) VALUES ('15', 'chi_ha_piu_milioni_di_views_su_youtube_viralit');
INSERT INTO pick_facts (pick_id, fact_id) VALUES ('16', 'chi_ha_piu_anni_in_tv_longevit');
INSERT INTO pick_facts (pick_id, fact_id) VALUES ('16', 'chi_ha_avuto_piu_litigi_in_diretta_trash_talk');
INSERT INTO pick_facts (pick_id, fact_id) VALUES ('17', 'chi_ha_fatto_piu_mesi_in_galera_o_ai_domiciliari_galera');
INSERT INTO pick_facts (pick_id, fact_id) VALUES ('17', 'chi_ha_gestito_piu_vip_nella_carriera_lavoro');
INSERT INTO pick_facts (pick_id, fact_id) VALUES ('18', 'chi_ha_fatto_piu_puntate_di_striscia_la_notizia_tv');
INSERT INTO pick_facts (pick_id, fact_id) VALUES ('18', 'chi_ha_piu_anni_di_carriera_longevit');
INSERT INTO pick_facts (pick_id, fact_id) VALUES ('19', 'chi_ha_fatto_piu_previsioni_sbagliate_epic_fail');
INSERT INTO pick_facts (pick_id, fact_id) VALUES ('19', 'chi_ha_piu_partecipazioni_a_reality_show_reality');
INSERT INTO pick_facts (pick_id, fact_id) VALUES ('20', 'chi_ha_girato_piu_film_comici_cinema');
INSERT INTO pick_facts (pick_id, fact_id) VALUES ('20', 'chi_ha_piu_scene_spinte_nei_film_trash');
INSERT INTO pick_facts (pick_id, fact_id) VALUES ('21', 'chi_ha_piu_partecipazioni_a_sanremo_festival');
INSERT INTO pick_facts (pick_id, fact_id) VALUES ('21', 'chi_ha_avuto_piu_figli_famiglia');
INSERT INTO pick_facts (pick_id, fact_id) VALUES ('22', 'chi_ha_piu_anni_nell_industria_musicale_longevit');
INSERT INTO pick_facts (pick_id, fact_id) VALUES ('22', 'chi_ha_detto_piu_volte_madonna_tormentoni');
INSERT INTO pick_facts (pick_id, fact_id) VALUES ('23', 'chi_ha_condotto_piu_programmi_tv_tv');
INSERT INTO pick_facts (pick_id, fact_id) VALUES ('23', 'chi_ha_avuto_piu_litigi_con_ospiti_trash_talk');
INSERT INTO pick_facts (pick_id, fact_id) VALUES ('24', 'chi_ha_condotto_piu_programmi_tv_tv');
INSERT INTO pick_facts (pick_id, fact_id) VALUES ('24', 'chi_ha_piu_anni_di_carriera_longevit');
INSERT INTO pick_facts (pick_id, fact_id) VALUES ('25', 'chi_ha_piu_partecipazioni_a_reality_show_reality');
INSERT INTO pick_facts (pick_id, fact_id) VALUES ('25', 'chi_ha_ammesso_piu_ritocchini_estetici_chirurgia');
INSERT INTO pick_facts (pick_id, fact_id) VALUES ('26', 'chi_ha_piu_anni_a_uomini_e_donne_tv');
INSERT INTO pick_facts (pick_id, fact_id) VALUES ('26', 'chi_ha_avuto_piu_litigi_in_studio_trash_talk');
INSERT INTO pick_facts (pick_id, fact_id) VALUES ('27', 'chi_ha_piu_anni_di_carriera_in_tv_longevit');
INSERT INTO pick_facts (pick_id, fact_id) VALUES ('27', 'chi_ha_urlato_piu_volte_guenda_tormentoni');
INSERT INTO pick_facts (pick_id, fact_id) VALUES ('28', 'chi_ha_vinto_piu_reality_show_reality');
INSERT INTO pick_facts (pick_id, fact_id) VALUES ('28', 'chi_ha_piu_follower_instagram_milioni_social');
INSERT INTO pick_facts (pick_id, fact_id) VALUES ('29', 'chi_ha_piu_partecipazioni_a_reality_show_reality');
INSERT INTO pick_facts (pick_id, fact_id) VALUES ('29', 'chi_ha_avuto_piu_litigi_al_gf_vip_trash_talk');
INSERT INTO pick_facts (pick_id, fact_id) VALUES ('30', 'chi_ha_piu_partecipazioni_a_reality_show_reality');
INSERT INTO pick_facts (pick_id, fact_id) VALUES ('30', 'chi_ha_fatto_piu_ritocchini_al_seno_chirurgia');
INSERT INTO pick_facts (pick_id, fact_id) VALUES ('31', 'chi_ha_avuto_piu_triangoli_amorosi_in_tv_scandali');
INSERT INTO pick_facts (pick_id, fact_id) VALUES ('31', 'chi_ha_detto_piu_volte_chimica_artistica_tormentoni');
INSERT INTO pick_facts (pick_id, fact_id) VALUES ('32', 'chi_ha_scritto_piu_canzoni_per_altri_musica');
INSERT INTO pick_facts (pick_id, fact_id) VALUES ('32', 'chi_ha_indossato_piu_parrucche_in_tv_look');
INSERT INTO pick_facts (pick_id, fact_id) VALUES ('33', 'chi_ha_piu_partecipazioni_a_sanremo_festival');
INSERT INTO pick_facts (pick_id, fact_id) VALUES ('33', 'chi_ha_pubblicato_piu_tweet_controversi_social');
INSERT INTO pick_facts (pick_id, fact_id) VALUES ('34', 'chi_ha_prodotto_piu_remix_lento_violento_musica');
INSERT INTO pick_facts (pick_id, fact_id) VALUES ('34', 'chi_ha_fatto_piu_serate_in_discoteca_lavoro');
INSERT INTO pick_facts (pick_id, fact_id) VALUES ('35', 'chi_ha_piu_tormentoni_estivi_musica');
INSERT INTO pick_facts (pick_id, fact_id) VALUES ('35', 'chi_ha_piu_settimane_in_classifica_successo');
INSERT INTO pick_facts (pick_id, fact_id) VALUES ('36', 'chi_ha_piu_partecipazioni_a_sanremo_festival');
INSERT INTO pick_facts (pick_id, fact_id) VALUES ('36', 'chi_ha_pubblicato_piu_album_musica');
INSERT INTO pick_facts (pick_id, fact_id) VALUES ('37', 'chi_ha_piu_anni_di_carriera_rai_longevit');
INSERT INTO pick_facts (pick_id, fact_id) VALUES ('37', 'chi_ha_raccontato_piu_olimpiadi_sport');
INSERT INTO pick_facts (pick_id, fact_id) VALUES ('38', 'chi_ha_piu_anni_di_carriera_in_tv_longevit');
INSERT INTO pick_facts (pick_id, fact_id) VALUES ('38', 'chi_ha_condotto_piu_quiz_show_tv');
INSERT INTO pick_facts (pick_id, fact_id) VALUES ('39', 'chi_ha_piu_anni_di_carriera_longevit');
INSERT INTO pick_facts (pick_id, fact_id) VALUES ('39', 'chi_e_famosa_in_piu_paesi_successo');
INSERT INTO pick_facts (pick_id, fact_id) VALUES ('39', 'chi_ha_pubblicato_piu_album_musica');
INSERT INTO pick_facts (pick_id, fact_id) VALUES ('40', 'chi_ha_piu_anni_in_tv_italiana_longevit');
INSERT INTO pick_facts (pick_id, fact_id) VALUES ('40', 'chi_ha_avuto_piu_litigi_pubblici_con_lorella_cuccarini_scandali');
INSERT INTO pick_facts (pick_id, fact_id) VALUES ('41', 'chi_ha_condotto_piu_programmi_tv_tv');
INSERT INTO pick_facts (pick_id, fact_id) VALUES ('41', 'chi_ha_piu_anni_di_carriera_longevit');
INSERT INTO pick_facts (pick_id, fact_id) VALUES ('42', 'chi_ha_girato_piu_film_d_azione_cinema');
INSERT INTO pick_facts (pick_id, fact_id) VALUES ('42', 'chi_ha_piu_meme_su_internet_viralit');
INSERT INTO pick_facts (pick_id, fact_id) VALUES ('43', 'chi_ha_girato_piu_film_d_azione_cinema');
INSERT INTO pick_facts (pick_id, fact_id) VALUES ('43', 'chi_ha_piu_film_direct_to_dvd_epic_fail');
INSERT INTO pick_facts (pick_id, fact_id) VALUES ('44', 'chi_ha_girato_piu_film_cinema');
INSERT INTO pick_facts (pick_id, fact_id) VALUES ('44', 'chi_ha_vinto_piu_oscar_premi');
INSERT INTO pick_facts (pick_id, fact_id) VALUES ('45', 'chi_ha_piu_stagioni_di_baywatch_tv');
INSERT INTO pick_facts (pick_id, fact_id) VALUES ('45', 'chi_ha_piu_album_musicali_flop_epic_fail');
INSERT INTO pick_facts (pick_id, fact_id) VALUES ('46', 'chi_ha_girato_piu_film_d_azione_cinema');
INSERT INTO pick_facts (pick_id, fact_id) VALUES ('46', 'chi_ha_fatto_piu_spacchi_nei_film_violenza');
INSERT INTO pick_facts (pick_id, fact_id) VALUES ('47', 'chi_ha_indossato_piu_collane_d_oro_look');
INSERT INTO pick_facts (pick_id, fact_id) VALUES ('47', 'chi_ha_detto_piu_volte_i_pity_the_fool_tormentoni');
INSERT INTO pick_facts (pick_id, fact_id) VALUES ('48', 'chi_ha_piu_anni_a_drive_in_tv');
INSERT INTO pick_facts (pick_id, fact_id) VALUES ('48', 'chi_ha_detto_piu_volte_ciao_cari_amici_tormentoni');
INSERT INTO pick_facts (pick_id, fact_id) VALUES ('48', 'chi_ha_pubblicato_piu_album_musica');
INSERT INTO pick_facts (pick_id, fact_id) VALUES ('49', 'chi_ha_pubblicato_piu_album_musica');
INSERT INTO pick_facts (pick_id, fact_id) VALUES ('49', 'chi_ha_piu_citazioni_colte_nei_testi_cultura');
INSERT INTO pick_facts (pick_id, fact_id) VALUES ('50', 'chi_ha_piu_partecipazioni_a_sanremo_festival');
INSERT INTO pick_facts (pick_id, fact_id) VALUES ('50', 'chi_ha_piu_anni_di_carriera_longevit');

